{"v":"4.8.0","meta":{"g":"LottieFiles AE 1.0.0","a":"","k":"","d":"","tc":""},"fr":60,"ip":0,"op":153,"w":1080,"h":1080,"nm":"AnimacaoOOOOO","ddd":0,"assets":[{"id":"comp_0","layers":[{"ddd":0,"ind":1,"ty":0,"nm":"animacaodentro","refId":"comp_1","sr":1,"ks":{"o":{"a":0,"k":100,"ix":11},"r":{"a":0,"k":0,"ix":10},"p":{"a":0,"k":[540,540,0],"ix":2},"a":{"a":0,"k":[540,540,0],"ix":1},"s":{"a":0,"k":[100,100,100],"ix":6}},"ao":0,"w":1080,"h":1080,"ip":0,"op":1769,"st":0,"bm":0}]},{"id":"comp_1","layers":[{"ddd":0,"ind":1,"ty":4,"nm":"Layer 1 Outlines 3","parent":2,"sr":1,"ks":{"o":{"a":1,"k":[{"i":{"x":[0.833],"y":[0.833]},"o":{"x":[0.167],"y":[0.167]},"t":27,"s":[0]},{"i":{"x":[0.833],"y":[0.833]},"o":{"x":[0.167],"y":[0.167]},"t":37,"s":[50]},{"t":96,"s":[0]}],"ix":11},"r":{"a":0,"k":0,"ix":10},"p":{"a":0,"k":[319.382,284.279,0],"ix":2},"a":{"a":0,"k":[1549.382,284.279,0],"ix":1},"s":{"a":1,"k":[{"i":{"x":[0.2,0.2,0.2],"y":[1,1,1]},"o":{"x":[0.2,0.2,0.2],"y":[0,0,0]},"t":43,"s":[0,0,100]},{"t":66,"s":[100,100,100]}],"ix":6}},"ao":0,"shapes":[{"ty":"gr","it":[{"ind":0,"ty":"sh","ix":1,"ks":{"a":0,"k":{"i":[[0,0],[0,0],[0,0],[0,0],[0,0],[0,0],[0,0],[0,0],[0,0],[0,0],[0,0],[0,0],[0,0],[0,0],[0,0]],"o":[[0,0],[0,0],[0,0],[0,0],[0,0],[0,0],[0,0],[0,0],[0,0],[0,0],[0,0],[0,0],[0,0],[0,0],[0,0]],"v":[[16.765,6.898],[25.749,-16.523],[34.972,-16.523],[34.972,16.523],[28.957,16.523],[28.957,-9.306],[28.794,-9.306],[18.93,16.523],[14.437,16.523],[4.573,-9.306],[4.41,-9.306],[4.41,16.523],[-1.604,16.523],[-1.604,-16.523],[7.702,-16.523]],"c":true},"ix":2},"nm":"Path 1","mn":"ADBE Vector Shape - Group","hd":false},{"ind":1,"ty":"sh","ix":2,"ks":{"a":0,"k":{"i":[[0,0],[0,0],[0,0],[0,0],[0,0],[0,0],[0,0],[0,0]],"o":[[0,0],[0,0],[0,0],[0,0],[0,0],[0,0],[0,0],[0,0]],"v":[[-8.343,-11.309],[-18.449,-11.309],[-18.449,16.523],[-24.866,16.523],[-24.866,-11.309],[-34.972,-11.309],[-34.972,-16.523],[-8.343,-16.523]],"c":true},"ix":2},"nm":"Path 2","mn":"ADBE Vector Shape - Group","hd":false},{"ty":"mm","mm":1,"nm":"Merge Paths 1","mn":"ADBE Vector Filter - Merge","hd":false},{"ty":"fl","c":{"a":0,"k":[1,0.916035970052,0.980362836052,1],"ix":4},"o":{"a":0,"k":100,"ix":5},"r":1,"bm":0,"nm":"Fill 1","mn":"ADBE Vector Graphic - Fill","hd":false},{"ty":"tr","p":{"a":0,"k":[1549.543,267.785],"ix":2},"a":{"a":0,"k":[0,0],"ix":1},"s":{"a":0,"k":[100,100],"ix":3},"r":{"a":0,"k":0,"ix":6},"o":{"a":0,"k":100,"ix":7},"sk":{"a":0,"k":0,"ix":4},"sa":{"a":0,"k":0,"ix":5},"nm":"Transform"}],"nm":"Group 1","np":4,"cix":2,"bm":0,"ix":1,"mn":"ADBE Vector Group","hd":false}],"ip":36,"op":1775.76976976977,"st":6,"bm":16},{"ddd":0,"ind":2,"ty":4,"nm":"Layer 2 Outlines 15","parent":14,"sr":1,"ks":{"o":{"a":1,"k":[{"i":{"x":[0.833],"y":[0.833]},"o":{"x":[0.167],"y":[0.167]},"t":27,"s":[0]},{"i":{"x":[0.833],"y":[0.833]},"o":{"x":[0.167],"y":[0.167]},"t":37,"s":[50]},{"t":96,"s":[0]}],"ix":11},"r":{"a":0,"k":0,"ix":10},"p":{"a":1,"k":[{"i":{"x":0.2,"y":1},"o":{"x":0.2,"y":0},"t":31,"s":[3.029,-141.62,0],"to":[102.333,0,0],"ti":[-102.333,0,0]},{"t":81,"s":[617.029,-141.62,0]}],"ix":2},"a":{"a":0,"k":[142.279,142.279,0],"ix":1},"s":{"a":0,"k":[100,100,100],"ix":6}},"ao":0,"shapes":[{"ty":"gr","it":[{"ind":0,"ty":"sh","ix":1,"ks":{"a":0,"k":{"i":[[44.467,0],[0,44.467],[-44.467,0],[0,-44.467]],"o":[[-44.467,0],[0,-44.467],[44.467,0],[0,44.467]],"v":[[0,71.014],[-71.015,0.001],[0,-71.014],[71.015,0.001]],"c":true},"ix":2},"nm":"Path 1","mn":"ADBE Vector Shape - Group","hd":false},{"ind":1,"ty":"sh","ix":2,"ks":{"a":0,"k":{"i":[[83.797,0],[0,-83.797],[-83.797,0],[0,83.797]],"o":[[-83.797,0],[0,83.797],[83.797,0],[0,-83.797]],"v":[[0,-142.029],[-142.029,0],[0,142.029],[142.029,0]],"c":true},"ix":2},"nm":"Path 2","mn":"ADBE Vector Shape - Group","hd":false},{"ty":"mm","mm":1,"nm":"Merge Paths 1","mn":"ADBE Vector Filter - Merge","hd":false},{"ty":"fl","c":{"a":0,"k":[1,0.916035970052,0.980362836052,1],"ix":4},"o":{"a":0,"k":100,"ix":5},"r":1,"bm":0,"nm":"Fill 1","mn":"ADBE Vector Graphic - Fill","hd":false},{"ty":"tr","p":{"a":0,"k":[142.279,142.279],"ix":2},"a":{"a":0,"k":[0,0],"ix":1},"s":{"a":0,"k":[100,100],"ix":3},"r":{"a":0,"k":0,"ix":6},"o":{"a":0,"k":100,"ix":7},"sk":{"a":0,"k":0,"ix":4},"sa":{"a":0,"k":0,"ix":5},"nm":"Transform"}],"nm":"Group 1","np":4,"cix":2,"bm":0,"ix":1,"mn":"ADBE Vector Group","hd":false}],"ip":31,"op":1758.76976976977,"st":-11,"bm":16},{"ddd":0,"ind":3,"ty":4,"nm":"Layer 2 Outlines 14","parent":14,"sr":1,"ks":{"o":{"a":1,"k":[{"i":{"x":[0.833],"y":[0.833]},"o":{"x":[0.167],"y":[0.167]},"t":27,"s":[0]},{"i":{"x":[0.833],"y":[0.833]},"o":{"x":[0.167],"y":[0.167]},"t":37,"s":[50]},{"t":96,"s":[0]}],"ix":11},"r":{"a":0,"k":0,"ix":10},"p":{"a":1,"k":[{"i":{"x":0.2,"y":1},"o":{"x":0.2,"y":0},"t":31,"s":[3.029,-141.62,0],"to":[-102.667,0,0],"ti":[102.667,0,0]},{"t":81,"s":[-612.971,-141.62,0]}],"ix":2},"a":{"a":0,"k":[142.279,142.279,0],"ix":1},"s":{"a":0,"k":[100,100,100],"ix":6}},"ao":0,"shapes":[{"ty":"gr","it":[{"ind":0,"ty":"sh","ix":1,"ks":{"a":0,"k":{"i":[[44.467,0],[0,44.467],[-44.467,0],[0,-44.467]],"o":[[-44.467,0],[0,-44.467],[44.467,0],[0,44.467]],"v":[[0,71.014],[-71.015,0.001],[0,-71.014],[71.015,0.001]],"c":true},"ix":2},"nm":"Path 1","mn":"ADBE Vector Shape - Group","hd":false},{"ind":1,"ty":"sh","ix":2,"ks":{"a":0,"k":{"i":[[83.797,0],[0,-83.797],[-83.797,0],[0,83.797]],"o":[[-83.797,0],[0,83.797],[83.797,0],[0,-83.797]],"v":[[0,-142.029],[-142.029,0],[0,142.029],[142.029,0]],"c":true},"ix":2},"nm":"Path 2","mn":"ADBE Vector Shape - Group","hd":false},{"ty":"mm","mm":1,"nm":"Merge Paths 1","mn":"ADBE Vector Filter - Merge","hd":false},{"ty":"fl","c":{"a":0,"k":[1,0.916035970052,0.980362836052,1],"ix":4},"o":{"a":0,"k":100,"ix":5},"r":1,"bm":0,"nm":"Fill 1","mn":"ADBE Vector Graphic - Fill","hd":false},{"ty":"tr","p":{"a":0,"k":[142.279,142.279],"ix":2},"a":{"a":0,"k":[0,0],"ix":1},"s":{"a":0,"k":[100,100],"ix":3},"r":{"a":0,"k":0,"ix":6},"o":{"a":0,"k":100,"ix":7},"sk":{"a":0,"k":0,"ix":4},"sa":{"a":0,"k":0,"ix":5},"nm":"Transform"}],"nm":"Group 1","np":4,"cix":2,"bm":0,"ix":1,"mn":"ADBE Vector Group","hd":false}],"ip":31,"op":1758.76976976977,"st":-11,"bm":16},{"ddd":0,"ind":4,"ty":4,"nm":"Layer 2 Outlines 13","parent":14,"sr":1,"ks":{"o":{"a":1,"k":[{"i":{"x":[0.833],"y":[0.833]},"o":{"x":[0.167],"y":[0.167]},"t":27,"s":[0]},{"i":{"x":[0.833],"y":[0.833]},"o":{"x":[0.167],"y":[0.167]},"t":37,"s":[50]},{"t":96,"s":[0]}],"ix":11},"r":{"a":0,"k":0,"ix":10},"p":{"a":1,"k":[{"i":{"x":0.2,"y":1},"o":{"x":0.2,"y":0},"t":31,"s":[3.029,-141.62,0],"to":[51,0,0],"ti":[-51,0,0]},{"t":81,"s":[309.029,-141.62,0]}],"ix":2},"a":{"a":0,"k":[142.279,142.279,0],"ix":1},"s":{"a":0,"k":[100,100,100],"ix":6}},"ao":0,"shapes":[{"ty":"gr","it":[{"ind":0,"ty":"sh","ix":1,"ks":{"a":0,"k":{"i":[[44.467,0],[0,44.467],[-44.467,0],[0,-44.467]],"o":[[-44.467,0],[0,-44.467],[44.467,0],[0,44.467]],"v":[[0,71.014],[-71.015,0.001],[0,-71.014],[71.015,0.001]],"c":true},"ix":2},"nm":"Path 1","mn":"ADBE Vector Shape - Group","hd":false},{"ind":1,"ty":"sh","ix":2,"ks":{"a":0,"k":{"i":[[83.797,0],[0,-83.797],[-83.797,0],[0,83.797]],"o":[[-83.797,0],[0,83.797],[83.797,0],[0,-83.797]],"v":[[0,-142.029],[-142.029,0],[0,142.029],[142.029,0]],"c":true},"ix":2},"nm":"Path 2","mn":"ADBE Vector Shape - Group","hd":false},{"ty":"mm","mm":1,"nm":"Merge Paths 1","mn":"ADBE Vector Filter - Merge","hd":false},{"ty":"fl","c":{"a":0,"k":[1,0.916035970052,0.980362836052,1],"ix":4},"o":{"a":0,"k":100,"ix":5},"r":1,"bm":0,"nm":"Fill 1","mn":"ADBE Vector Graphic - Fill","hd":false},{"ty":"tr","p":{"a":0,"k":[142.279,142.279],"ix":2},"a":{"a":0,"k":[0,0],"ix":1},"s":{"a":0,"k":[100,100],"ix":3},"r":{"a":0,"k":0,"ix":6},"o":{"a":0,"k":100,"ix":7},"sk":{"a":0,"k":0,"ix":4},"sa":{"a":0,"k":0,"ix":5},"nm":"Transform"}],"nm":"Group 1","np":4,"cix":2,"bm":0,"ix":1,"mn":"ADBE Vector Group","hd":false}],"ip":31,"op":1758.76976976977,"st":-11,"bm":16},{"ddd":0,"ind":5,"ty":4,"nm":"Layer 2 Outlines 12","parent":14,"sr":1,"ks":{"o":{"a":1,"k":[{"i":{"x":[0.833],"y":[0.833]},"o":{"x":[0.167],"y":[0.167]},"t":27,"s":[0]},{"i":{"x":[0.833],"y":[0.833]},"o":{"x":[0.167],"y":[0.167]},"t":37,"s":[50]},{"t":96,"s":[0]}],"ix":11},"r":{"a":0,"k":0,"ix":10},"p":{"a":1,"k":[{"i":{"x":0.2,"y":1},"o":{"x":0.2,"y":0},"t":31,"s":[3.029,-141.62,0],"to":[-51.667,0,0],"ti":[51.667,0,0]},{"t":81,"s":[-306.971,-141.62,0]}],"ix":2},"a":{"a":0,"k":[142.279,142.279,0],"ix":1},"s":{"a":0,"k":[100,100,100],"ix":6}},"ao":0,"shapes":[{"ty":"gr","it":[{"ind":0,"ty":"sh","ix":1,"ks":{"a":0,"k":{"i":[[44.467,0],[0,44.467],[-44.467,0],[0,-44.467]],"o":[[-44.467,0],[0,-44.467],[44.467,0],[0,44.467]],"v":[[0,71.014],[-71.015,0.001],[0,-71.014],[71.015,0.001]],"c":true},"ix":2},"nm":"Path 1","mn":"ADBE Vector Shape - Group","hd":false},{"ind":1,"ty":"sh","ix":2,"ks":{"a":0,"k":{"i":[[83.797,0],[0,-83.797],[-83.797,0],[0,83.797]],"o":[[-83.797,0],[0,83.797],[83.797,0],[0,-83.797]],"v":[[0,-142.029],[-142.029,0],[0,142.029],[142.029,0]],"c":true},"ix":2},"nm":"Path 2","mn":"ADBE Vector Shape - Group","hd":false},{"ty":"mm","mm":1,"nm":"Merge Paths 1","mn":"ADBE Vector Filter - Merge","hd":false},{"ty":"fl","c":{"a":0,"k":[1,0.916035970052,0.980362836052,1],"ix":4},"o":{"a":0,"k":100,"ix":5},"r":1,"bm":0,"nm":"Fill 1","mn":"ADBE Vector Graphic - Fill","hd":false},{"ty":"tr","p":{"a":0,"k":[142.279,142.279],"ix":2},"a":{"a":0,"k":[0,0],"ix":1},"s":{"a":0,"k":[100,100],"ix":3},"r":{"a":0,"k":0,"ix":6},"o":{"a":0,"k":100,"ix":7},"sk":{"a":0,"k":0,"ix":4},"sa":{"a":0,"k":0,"ix":5},"nm":"Transform"}],"nm":"Group 1","np":4,"cix":2,"bm":0,"ix":1,"mn":"ADBE Vector Group","hd":false}],"ip":31,"op":1758.76976976977,"st":-11,"bm":16},{"ddd":0,"ind":6,"ty":4,"nm":"Layer 2 Outlines 11","parent":14,"sr":1,"ks":{"o":{"a":1,"k":[{"i":{"x":[0.833],"y":[0.833]},"o":{"x":[0.167],"y":[0.167]},"t":27,"s":[0]},{"i":{"x":[0.833],"y":[0.833]},"o":{"x":[0.167],"y":[0.167]},"t":37,"s":[50]},{"t":96,"s":[0]}],"ix":11},"r":{"a":0,"k":0,"ix":10},"p":{"a":1,"k":[{"i":{"x":0.2,"y":1},"o":{"x":0.2,"y":0},"t":1,"s":[3.029,1149.808,0],"to":[0,-225.238,0],"ti":[0,0,0]},{"i":{"x":0.2,"y":1},"o":{"x":0.2,"y":0},"t":23,"s":[3.029,-201.62,0],"to":[0,0,0],"ti":[0,0,0]},{"t":42.939453125,"s":[3.029,-141.62,0]}],"ix":2},"a":{"a":0,"k":[142.279,142.279,0],"ix":1},"s":{"a":0,"k":[100,100,100],"ix":6}},"ao":0,"shapes":[{"ty":"gr","it":[{"ind":0,"ty":"sh","ix":1,"ks":{"a":0,"k":{"i":[[44.467,0],[0,44.467],[-44.467,0],[0,-44.467]],"o":[[-44.467,0],[0,-44.467],[44.467,0],[0,44.467]],"v":[[0,71.014],[-71.015,0.001],[0,-71.014],[71.015,0.001]],"c":true},"ix":2},"nm":"Path 1","mn":"ADBE Vector Shape - Group","hd":false},{"ind":1,"ty":"sh","ix":2,"ks":{"a":0,"k":{"i":[[83.797,0],[0,-83.797],[-83.797,0],[0,83.797]],"o":[[-83.797,0],[0,83.797],[83.797,0],[0,-83.797]],"v":[[0,-142.029],[-142.029,0],[0,142.029],[142.029,0]],"c":true},"ix":2},"nm":"Path 2","mn":"ADBE Vector Shape - Group","hd":false},{"ty":"mm","mm":1,"nm":"Merge Paths 1","mn":"ADBE Vector Filter - Merge","hd":false},{"ty":"fl","c":{"a":0,"k":[1,0.916035970052,0.980362836052,1],"ix":4},"o":{"a":0,"k":100,"ix":5},"r":1,"bm":0,"nm":"Fill 1","mn":"ADBE Vector Graphic - Fill","hd":false},{"ty":"tr","p":{"a":0,"k":[142.279,142.279],"ix":2},"a":{"a":0,"k":[0,0],"ix":1},"s":{"a":0,"k":[100,100],"ix":3},"r":{"a":0,"k":0,"ix":6},"o":{"a":0,"k":100,"ix":7},"sk":{"a":0,"k":0,"ix":4},"sa":{"a":0,"k":0,"ix":5},"nm":"Transform"}],"nm":"Group 1","np":4,"cix":2,"bm":0,"ix":1,"mn":"ADBE Vector Group","hd":false}],"ip":1,"op":1770.76976976977,"st":1,"bm":16},{"ddd":0,"ind":7,"ty":4,"nm":"Layer 1 Outlines 2","parent":8,"sr":1,"ks":{"o":{"a":1,"k":[{"i":{"x":[0.833],"y":[0.833]},"o":{"x":[0.167],"y":[0.167]},"t":27,"s":[0]},{"i":{"x":[0.833],"y":[0.833]},"o":{"x":[0.167],"y":[0.167]},"t":37,"s":[50]},{"t":96,"s":[0]}],"ix":11},"r":{"a":0,"k":0,"ix":10},"p":{"a":0,"k":[319.382,284.279,0],"ix":2},"a":{"a":0,"k":[1549.382,284.279,0],"ix":1},"s":{"a":1,"k":[{"i":{"x":[0.2,0.2,0.2],"y":[1,1,1]},"o":{"x":[0.2,0.2,0.2],"y":[0,0,0]},"t":43,"s":[0,0,100]},{"t":66,"s":[100,100,100]}],"ix":6}},"ao":0,"shapes":[{"ty":"gr","it":[{"ind":0,"ty":"sh","ix":1,"ks":{"a":0,"k":{"i":[[0,0],[0,0],[0,0],[0,0],[0,0],[0,0],[0,0],[0,0],[0,0],[0,0],[0,0],[0,0],[0,0],[0,0],[0,0]],"o":[[0,0],[0,0],[0,0],[0,0],[0,0],[0,0],[0,0],[0,0],[0,0],[0,0],[0,0],[0,0],[0,0],[0,0],[0,0]],"v":[[16.765,6.898],[25.749,-16.523],[34.972,-16.523],[34.972,16.523],[28.957,16.523],[28.957,-9.306],[28.794,-9.306],[18.93,16.523],[14.437,16.523],[4.573,-9.306],[4.41,-9.306],[4.41,16.523],[-1.604,16.523],[-1.604,-16.523],[7.702,-16.523]],"c":true},"ix":2},"nm":"Path 1","mn":"ADBE Vector Shape - Group","hd":false},{"ind":1,"ty":"sh","ix":2,"ks":{"a":0,"k":{"i":[[0,0],[0,0],[0,0],[0,0],[0,0],[0,0],[0,0],[0,0]],"o":[[0,0],[0,0],[0,0],[0,0],[0,0],[0,0],[0,0],[0,0]],"v":[[-8.343,-11.309],[-18.449,-11.309],[-18.449,16.523],[-24.866,16.523],[-24.866,-11.309],[-34.972,-11.309],[-34.972,-16.523],[-8.343,-16.523]],"c":true},"ix":2},"nm":"Path 2","mn":"ADBE Vector Shape - Group","hd":false},{"ty":"mm","mm":1,"nm":"Merge Paths 1","mn":"ADBE Vector Filter - Merge","hd":false},{"ty":"fl","c":{"a":0,"k":[0.953449563419,0.379260223987,0.819160431507,1],"ix":4},"o":{"a":0,"k":100,"ix":5},"r":1,"bm":0,"nm":"Fill 1","mn":"ADBE Vector Graphic - Fill","hd":false},{"ty":"tr","p":{"a":0,"k":[1549.543,267.785],"ix":2},"a":{"a":0,"k":[0,0],"ix":1},"s":{"a":0,"k":[100,100],"ix":3},"r":{"a":0,"k":0,"ix":6},"o":{"a":0,"k":100,"ix":7},"sk":{"a":0,"k":0,"ix":4},"sa":{"a":0,"k":0,"ix":5},"nm":"Transform"}],"nm":"Group 1","np":4,"cix":2,"bm":0,"ix":1,"mn":"ADBE Vector Group","hd":false}],"ip":36,"op":1775.76976976977,"st":6,"bm":16},{"ddd":0,"ind":8,"ty":4,"nm":"Layer 2 Outlines 10","parent":14,"sr":1,"ks":{"o":{"a":1,"k":[{"i":{"x":[0.833],"y":[0.833]},"o":{"x":[0.167],"y":[0.167]},"t":27,"s":[0]},{"i":{"x":[0.833],"y":[0.833]},"o":{"x":[0.167],"y":[0.167]},"t":37,"s":[50]},{"t":96,"s":[0]}],"ix":11},"r":{"a":0,"k":0,"ix":10},"p":{"a":1,"k":[{"i":{"x":0.2,"y":1},"o":{"x":0.2,"y":0},"t":31,"s":[3.029,-141.62,0],"to":[102.333,0,0],"ti":[-102.333,0,0]},{"t":81,"s":[617.029,-141.62,0]}],"ix":2},"a":{"a":0,"k":[142.279,142.279,0],"ix":1},"s":{"a":0,"k":[100,100,100],"ix":6}},"ao":0,"shapes":[{"ty":"gr","it":[{"ind":0,"ty":"sh","ix":1,"ks":{"a":0,"k":{"i":[[44.467,0],[0,44.467],[-44.467,0],[0,-44.467]],"o":[[-44.467,0],[0,-44.467],[44.467,0],[0,44.467]],"v":[[0,71.014],[-71.015,0.001],[0,-71.014],[71.015,0.001]],"c":true},"ix":2},"nm":"Path 1","mn":"ADBE Vector Shape - Group","hd":false},{"ind":1,"ty":"sh","ix":2,"ks":{"a":0,"k":{"i":[[83.797,0],[0,-83.797],[-83.797,0],[0,83.797]],"o":[[-83.797,0],[0,83.797],[83.797,0],[0,-83.797]],"v":[[0,-142.029],[-142.029,0],[0,142.029],[142.029,0]],"c":true},"ix":2},"nm":"Path 2","mn":"ADBE Vector Shape - Group","hd":false},{"ty":"mm","mm":1,"nm":"Merge Paths 1","mn":"ADBE Vector Filter - Merge","hd":false},{"ty":"fl","c":{"a":0,"k":[0.953449563419,0.379260223987,0.819160431507,1],"ix":4},"o":{"a":0,"k":100,"ix":5},"r":1,"bm":0,"nm":"Fill 1","mn":"ADBE Vector Graphic - Fill","hd":false},{"ty":"tr","p":{"a":0,"k":[142.279,142.279],"ix":2},"a":{"a":0,"k":[0,0],"ix":1},"s":{"a":0,"k":[100,100],"ix":3},"r":{"a":0,"k":0,"ix":6},"o":{"a":0,"k":100,"ix":7},"sk":{"a":0,"k":0,"ix":4},"sa":{"a":0,"k":0,"ix":5},"nm":"Transform"}],"nm":"Group 1","np":4,"cix":2,"bm":0,"ix":1,"mn":"ADBE Vector Group","hd":false}],"ip":31,"op":1758.76976976977,"st":-11,"bm":16},{"ddd":0,"ind":9,"ty":4,"nm":"Layer 2 Outlines 9","parent":14,"sr":1,"ks":{"o":{"a":1,"k":[{"i":{"x":[0.833],"y":[0.833]},"o":{"x":[0.167],"y":[0.167]},"t":27,"s":[0]},{"i":{"x":[0.833],"y":[0.833]},"o":{"x":[0.167],"y":[0.167]},"t":37,"s":[50]},{"t":96,"s":[0]}],"ix":11},"r":{"a":0,"k":0,"ix":10},"p":{"a":1,"k":[{"i":{"x":0.2,"y":1},"o":{"x":0.2,"y":0},"t":31,"s":[3.029,-141.62,0],"to":[-102.667,0,0],"ti":[102.667,0,0]},{"t":81,"s":[-612.971,-141.62,0]}],"ix":2},"a":{"a":0,"k":[142.279,142.279,0],"ix":1},"s":{"a":0,"k":[100,100,100],"ix":6}},"ao":0,"shapes":[{"ty":"gr","it":[{"ind":0,"ty":"sh","ix":1,"ks":{"a":0,"k":{"i":[[44.467,0],[0,44.467],[-44.467,0],[0,-44.467]],"o":[[-44.467,0],[0,-44.467],[44.467,0],[0,44.467]],"v":[[0,71.014],[-71.015,0.001],[0,-71.014],[71.015,0.001]],"c":true},"ix":2},"nm":"Path 1","mn":"ADBE Vector Shape - Group","hd":false},{"ind":1,"ty":"sh","ix":2,"ks":{"a":0,"k":{"i":[[83.797,0],[0,-83.797],[-83.797,0],[0,83.797]],"o":[[-83.797,0],[0,83.797],[83.797,0],[0,-83.797]],"v":[[0,-142.029],[-142.029,0],[0,142.029],[142.029,0]],"c":true},"ix":2},"nm":"Path 2","mn":"ADBE Vector Shape - Group","hd":false},{"ty":"mm","mm":1,"nm":"Merge Paths 1","mn":"ADBE Vector Filter - Merge","hd":false},{"ty":"fl","c":{"a":0,"k":[0.953449563419,0.379260223987,0.819160431507,1],"ix":4},"o":{"a":0,"k":100,"ix":5},"r":1,"bm":0,"nm":"Fill 1","mn":"ADBE Vector Graphic - Fill","hd":false},{"ty":"tr","p":{"a":0,"k":[142.279,142.279],"ix":2},"a":{"a":0,"k":[0,0],"ix":1},"s":{"a":0,"k":[100,100],"ix":3},"r":{"a":0,"k":0,"ix":6},"o":{"a":0,"k":100,"ix":7},"sk":{"a":0,"k":0,"ix":4},"sa":{"a":0,"k":0,"ix":5},"nm":"Transform"}],"nm":"Group 1","np":4,"cix":2,"bm":0,"ix":1,"mn":"ADBE Vector Group","hd":false}],"ip":31,"op":1758.76976976977,"st":-11,"bm":16},{"ddd":0,"ind":10,"ty":4,"nm":"Layer 2 Outlines 8","parent":14,"sr":1,"ks":{"o":{"a":1,"k":[{"i":{"x":[0.833],"y":[0.833]},"o":{"x":[0.167],"y":[0.167]},"t":27,"s":[0]},{"i":{"x":[0.833],"y":[0.833]},"o":{"x":[0.167],"y":[0.167]},"t":37,"s":[50]},{"t":96,"s":[0]}],"ix":11},"r":{"a":0,"k":0,"ix":10},"p":{"a":1,"k":[{"i":{"x":0.2,"y":1},"o":{"x":0.2,"y":0},"t":31,"s":[3.029,-141.62,0],"to":[51,0,0],"ti":[-51,0,0]},{"t":81,"s":[309.029,-141.62,0]}],"ix":2},"a":{"a":0,"k":[142.279,142.279,0],"ix":1},"s":{"a":0,"k":[100,100,100],"ix":6}},"ao":0,"shapes":[{"ty":"gr","it":[{"ind":0,"ty":"sh","ix":1,"ks":{"a":0,"k":{"i":[[44.467,0],[0,44.467],[-44.467,0],[0,-44.467]],"o":[[-44.467,0],[0,-44.467],[44.467,0],[0,44.467]],"v":[[0,71.014],[-71.015,0.001],[0,-71.014],[71.015,0.001]],"c":true},"ix":2},"nm":"Path 1","mn":"ADBE Vector Shape - Group","hd":false},{"ind":1,"ty":"sh","ix":2,"ks":{"a":0,"k":{"i":[[83.797,0],[0,-83.797],[-83.797,0],[0,83.797]],"o":[[-83.797,0],[0,83.797],[83.797,0],[0,-83.797]],"v":[[0,-142.029],[-142.029,0],[0,142.029],[142.029,0]],"c":true},"ix":2},"nm":"Path 2","mn":"ADBE Vector Shape - Group","hd":false},{"ty":"mm","mm":1,"nm":"Merge Paths 1","mn":"ADBE Vector Filter - Merge","hd":false},{"ty":"fl","c":{"a":0,"k":[0.953449563419,0.379260223987,0.819160431507,1],"ix":4},"o":{"a":0,"k":100,"ix":5},"r":1,"bm":0,"nm":"Fill 1","mn":"ADBE Vector Graphic - Fill","hd":false},{"ty":"tr","p":{"a":0,"k":[142.279,142.279],"ix":2},"a":{"a":0,"k":[0,0],"ix":1},"s":{"a":0,"k":[100,100],"ix":3},"r":{"a":0,"k":0,"ix":6},"o":{"a":0,"k":100,"ix":7},"sk":{"a":0,"k":0,"ix":4},"sa":{"a":0,"k":0,"ix":5},"nm":"Transform"}],"nm":"Group 1","np":4,"cix":2,"bm":0,"ix":1,"mn":"ADBE Vector Group","hd":false}],"ip":31,"op":1758.76976976977,"st":-11,"bm":16},{"ddd":0,"ind":11,"ty":4,"nm":"Layer 2 Outlines 7","parent":14,"sr":1,"ks":{"o":{"a":1,"k":[{"i":{"x":[0.833],"y":[0.833]},"o":{"x":[0.167],"y":[0.167]},"t":27,"s":[0]},{"i":{"x":[0.833],"y":[0.833]},"o":{"x":[0.167],"y":[0.167]},"t":37,"s":[50]},{"t":96,"s":[0]}],"ix":11},"r":{"a":0,"k":0,"ix":10},"p":{"a":1,"k":[{"i":{"x":0.2,"y":1},"o":{"x":0.2,"y":0},"t":31,"s":[3.029,-141.62,0],"to":[-51.667,0,0],"ti":[51.667,0,0]},{"t":81,"s":[-306.971,-141.62,0]}],"ix":2},"a":{"a":0,"k":[142.279,142.279,0],"ix":1},"s":{"a":0,"k":[100,100,100],"ix":6}},"ao":0,"shapes":[{"ty":"gr","it":[{"ind":0,"ty":"sh","ix":1,"ks":{"a":0,"k":{"i":[[44.467,0],[0,44.467],[-44.467,0],[0,-44.467]],"o":[[-44.467,0],[0,-44.467],[44.467,0],[0,44.467]],"v":[[0,71.014],[-71.015,0.001],[0,-71.014],[71.015,0.001]],"c":true},"ix":2},"nm":"Path 1","mn":"ADBE Vector Shape - Group","hd":false},{"ind":1,"ty":"sh","ix":2,"ks":{"a":0,"k":{"i":[[83.797,0],[0,-83.797],[-83.797,0],[0,83.797]],"o":[[-83.797,0],[0,83.797],[83.797,0],[0,-83.797]],"v":[[0,-142.029],[-142.029,0],[0,142.029],[142.029,0]],"c":true},"ix":2},"nm":"Path 2","mn":"ADBE Vector Shape - Group","hd":false},{"ty":"mm","mm":1,"nm":"Merge Paths 1","mn":"ADBE Vector Filter - Merge","hd":false},{"ty":"fl","c":{"a":0,"k":[0.953449563419,0.379260223987,0.819160431507,1],"ix":4},"o":{"a":0,"k":100,"ix":5},"r":1,"bm":0,"nm":"Fill 1","mn":"ADBE Vector Graphic - Fill","hd":false},{"ty":"tr","p":{"a":0,"k":[142.279,142.279],"ix":2},"a":{"a":0,"k":[0,0],"ix":1},"s":{"a":0,"k":[100,100],"ix":3},"r":{"a":0,"k":0,"ix":6},"o":{"a":0,"k":100,"ix":7},"sk":{"a":0,"k":0,"ix":4},"sa":{"a":0,"k":0,"ix":5},"nm":"Transform"}],"nm":"Group 1","np":4,"cix":2,"bm":0,"ix":1,"mn":"ADBE Vector Group","hd":false}],"ip":31,"op":1758.76976976977,"st":-11,"bm":16},{"ddd":0,"ind":12,"ty":4,"nm":"Layer 2 Outlines 6","parent":14,"sr":1,"ks":{"o":{"a":1,"k":[{"i":{"x":[0.833],"y":[0.833]},"o":{"x":[0.167],"y":[0.167]},"t":27,"s":[0]},{"i":{"x":[0.833],"y":[0.833]},"o":{"x":[0.167],"y":[0.167]},"t":37,"s":[50]},{"t":96,"s":[0]}],"ix":11},"r":{"a":0,"k":0,"ix":10},"p":{"a":1,"k":[{"i":{"x":0.2,"y":1},"o":{"x":0.2,"y":0},"t":1,"s":[3.029,1149.808,0],"to":[0,-225.238,0],"ti":[0,0,0]},{"i":{"x":0.2,"y":1},"o":{"x":0.2,"y":0},"t":23,"s":[3.029,-201.62,0],"to":[0,0,0],"ti":[0,0,0]},{"t":42.939453125,"s":[3.029,-141.62,0]}],"ix":2},"a":{"a":0,"k":[142.279,142.279,0],"ix":1},"s":{"a":0,"k":[100,100,100],"ix":6}},"ao":0,"shapes":[{"ty":"gr","it":[{"ind":0,"ty":"sh","ix":1,"ks":{"a":0,"k":{"i":[[44.467,0],[0,44.467],[-44.467,0],[0,-44.467]],"o":[[-44.467,0],[0,-44.467],[44.467,0],[0,44.467]],"v":[[0,71.014],[-71.015,0.001],[0,-71.014],[71.015,0.001]],"c":true},"ix":2},"nm":"Path 1","mn":"ADBE Vector Shape - Group","hd":false},{"ind":1,"ty":"sh","ix":2,"ks":{"a":0,"k":{"i":[[83.797,0],[0,-83.797],[-83.797,0],[0,83.797]],"o":[[-83.797,0],[0,83.797],[83.797,0],[0,-83.797]],"v":[[0,-142.029],[-142.029,0],[0,142.029],[142.029,0]],"c":true},"ix":2},"nm":"Path 2","mn":"ADBE Vector Shape - Group","hd":false},{"ty":"mm","mm":1,"nm":"Merge Paths 1","mn":"ADBE Vector Filter - Merge","hd":false},{"ty":"fl","c":{"a":0,"k":[0.953449563419,0.379260223987,0.819160431507,1],"ix":4},"o":{"a":0,"k":100,"ix":5},"r":1,"bm":0,"nm":"Fill 1","mn":"ADBE Vector Graphic - Fill","hd":false},{"ty":"tr","p":{"a":0,"k":[142.279,142.279],"ix":2},"a":{"a":0,"k":[0,0],"ix":1},"s":{"a":0,"k":[100,100],"ix":3},"r":{"a":0,"k":0,"ix":6},"o":{"a":0,"k":100,"ix":7},"sk":{"a":0,"k":0,"ix":4},"sa":{"a":0,"k":0,"ix":5},"nm":"Transform"}],"nm":"Group 1","np":4,"cix":2,"bm":0,"ix":1,"mn":"ADBE Vector Group","hd":false}],"ip":1,"op":1770.76976976977,"st":1,"bm":16},{"ddd":0,"ind":13,"ty":3,"nm":"Null 2","sr":1,"ks":{"o":{"a":0,"k":0,"ix":11},"r":{"a":0,"k":0,"ix":10},"p":{"a":0,"k":[540,540,0],"ix":2},"a":{"a":0,"k":[0,0,0],"ix":1},"s":{"a":0,"k":[49,49,100],"ix":6}},"ao":0,"ip":0,"op":1769,"st":0,"bm":0},{"ddd":0,"ind":14,"ty":3,"nm":"Null 1","parent":13,"sr":1,"ks":{"o":{"a":0,"k":0,"ix":11},"r":{"a":0,"k":0,"ix":10},"p":{"a":0,"k":[-26,139,0],"ix":2},"a":{"a":0,"k":[0,0,0],"ix":1},"s":{"a":1,"k":[{"i":{"x":[0.667,0.667,0.667],"y":[1,1,1]},"o":{"x":[0.333,0.333,0.333],"y":[0,0,0]},"t":0,"s":[100,100,100]},{"i":{"x":[0.667,0.667,0.667],"y":[1,1,1]},"o":{"x":[0.333,0.333,0.333],"y":[0,0,0]},"t":22,"s":[80,120,100]},{"i":{"x":[0.667,0.667,0.667],"y":[1,1,1]},"o":{"x":[0.333,0.333,0.333],"y":[0,0,0]},"t":33,"s":[120,80,100]},{"t":42,"s":[100,100,100]}],"ix":6}},"ao":0,"ip":0,"op":1769,"st":0,"bm":0},{"ddd":0,"ind":15,"ty":4,"nm":"Layer 1 Outlines","parent":16,"sr":1,"ks":{"o":{"a":0,"k":100,"ix":11},"r":{"a":0,"k":0,"ix":10},"p":{"a":0,"k":[319.382,284.279,0],"ix":2},"a":{"a":0,"k":[1549.382,284.279,0],"ix":1},"s":{"a":1,"k":[{"i":{"x":[0.2,0.2,0.2],"y":[1,1,1]},"o":{"x":[0.2,0.2,0.2],"y":[0,0,0]},"t":42,"s":[0,0,100]},{"t":65,"s":[100,100,100]}],"ix":6}},"ao":0,"shapes":[{"ty":"gr","it":[{"ind":0,"ty":"sh","ix":1,"ks":{"a":0,"k":{"i":[[0,0],[0,0],[0,0],[0,0],[0,0],[0,0],[0,0],[0,0],[0,0],[0,0],[0,0],[0,0],[0,0],[0,0],[0,0]],"o":[[0,0],[0,0],[0,0],[0,0],[0,0],[0,0],[0,0],[0,0],[0,0],[0,0],[0,0],[0,0],[0,0],[0,0],[0,0]],"v":[[16.765,6.898],[25.749,-16.523],[34.972,-16.523],[34.972,16.523],[28.957,16.523],[28.957,-9.306],[28.794,-9.306],[18.93,16.523],[14.437,16.523],[4.573,-9.306],[4.41,-9.306],[4.41,16.523],[-1.604,16.523],[-1.604,-16.523],[7.702,-16.523]],"c":true},"ix":2},"nm":"Path 1","mn":"ADBE Vector Shape - Group","hd":false},{"ind":1,"ty":"sh","ix":2,"ks":{"a":0,"k":{"i":[[0,0],[0,0],[0,0],[0,0],[0,0],[0,0],[0,0],[0,0]],"o":[[0,0],[0,0],[0,0],[0,0],[0,0],[0,0],[0,0],[0,0]],"v":[[-8.343,-11.309],[-18.449,-11.309],[-18.449,16.523],[-24.866,16.523],[-24.866,-11.309],[-34.972,-11.309],[-34.972,-16.523],[-8.343,-16.523]],"c":true},"ix":2},"nm":"Path 2","mn":"ADBE Vector Shape - Group","hd":false},{"ty":"mm","mm":1,"nm":"Merge Paths 1","mn":"ADBE Vector Filter - Merge","hd":false},{"ty":"fl","c":{"a":0,"k":[0.292156862745,0.190196078431,0.895098099054,1],"ix":4},"o":{"a":0,"k":100,"ix":5},"r":1,"bm":0,"nm":"Fill 1","mn":"ADBE Vector Graphic - Fill","hd":false},{"ty":"tr","p":{"a":0,"k":[1549.543,267.785],"ix":2},"a":{"a":0,"k":[0,0],"ix":1},"s":{"a":0,"k":[100,100],"ix":3},"r":{"a":0,"k":0,"ix":6},"o":{"a":0,"k":100,"ix":7},"sk":{"a":0,"k":0,"ix":4},"sa":{"a":0,"k":0,"ix":5},"nm":"Transform"}],"nm":"Group 1","np":4,"cix":2,"bm":0,"ix":1,"mn":"ADBE Vector Group","hd":false}],"ip":35,"op":1774.76976976977,"st":5,"bm":0},{"ddd":0,"ind":16,"ty":4,"nm":"Layer 2 Outlines 5","parent":21,"sr":1,"ks":{"o":{"a":0,"k":100,"ix":11},"r":{"a":0,"k":0,"ix":10},"p":{"a":1,"k":[{"i":{"x":0.2,"y":1},"o":{"x":0.2,"y":0},"t":30,"s":[3.029,-141.62,0],"to":[102.333,0,0],"ti":[-102.333,0,0]},{"t":80,"s":[617.029,-141.62,0]}],"ix":2},"a":{"a":0,"k":[142.279,142.279,0],"ix":1},"s":{"a":0,"k":[100,100,100],"ix":6}},"ao":0,"shapes":[{"ty":"gr","it":[{"ind":0,"ty":"sh","ix":1,"ks":{"a":0,"k":{"i":[[44.467,0],[0,44.467],[-44.467,0],[0,-44.467]],"o":[[-44.467,0],[0,-44.467],[44.467,0],[0,44.467]],"v":[[0,71.014],[-71.015,0.001],[0,-71.014],[71.015,0.001]],"c":true},"ix":2},"nm":"Path 1","mn":"ADBE Vector Shape - Group","hd":false},{"ind":1,"ty":"sh","ix":2,"ks":{"a":0,"k":{"i":[[83.797,0],[0,-83.797],[-83.797,0],[0,83.797]],"o":[[-83.797,0],[0,83.797],[83.797,0],[0,-83.797]],"v":[[0,-142.029],[-142.029,0],[0,142.029],[142.029,0]],"c":true},"ix":2},"nm":"Path 2","mn":"ADBE Vector Shape - Group","hd":false},{"ty":"mm","mm":1,"nm":"Merge Paths 1","mn":"ADBE Vector Filter - Merge","hd":false},{"ty":"fl","c":{"a":0,"k":[0.292156862745,0.190196078431,0.895098099054,1],"ix":4},"o":{"a":0,"k":100,"ix":5},"r":1,"bm":0,"nm":"Fill 1","mn":"ADBE Vector Graphic - Fill","hd":false},{"ty":"tr","p":{"a":0,"k":[142.279,142.279],"ix":2},"a":{"a":0,"k":[0,0],"ix":1},"s":{"a":0,"k":[100,100],"ix":3},"r":{"a":0,"k":0,"ix":6},"o":{"a":0,"k":100,"ix":7},"sk":{"a":0,"k":0,"ix":4},"sa":{"a":0,"k":0,"ix":5},"nm":"Transform"}],"nm":"Group 1","np":4,"cix":2,"bm":0,"ix":1,"mn":"ADBE Vector Group","hd":false}],"ip":30,"op":1757.76976976977,"st":-12,"bm":0},{"ddd":0,"ind":17,"ty":4,"nm":"Layer 2 Outlines 4","parent":21,"sr":1,"ks":{"o":{"a":0,"k":100,"ix":11},"r":{"a":0,"k":0,"ix":10},"p":{"a":1,"k":[{"i":{"x":0.2,"y":1},"o":{"x":0.2,"y":0},"t":30,"s":[3.029,-141.62,0],"to":[-102.667,0,0],"ti":[102.667,0,0]},{"t":80,"s":[-612.971,-141.62,0]}],"ix":2},"a":{"a":0,"k":[142.279,142.279,0],"ix":1},"s":{"a":0,"k":[100,100,100],"ix":6}},"ao":0,"shapes":[{"ty":"gr","it":[{"ind":0,"ty":"sh","ix":1,"ks":{"a":0,"k":{"i":[[44.467,0],[0,44.467],[-44.467,0],[0,-44.467]],"o":[[-44.467,0],[0,-44.467],[44.467,0],[0,44.467]],"v":[[0,71.014],[-71.015,0.001],[0,-71.014],[71.015,0.001]],"c":true},"ix":2},"nm":"Path 1","mn":"ADBE Vector Shape - Group","hd":false},{"ind":1,"ty":"sh","ix":2,"ks":{"a":0,"k":{"i":[[83.797,0],[0,-83.797],[-83.797,0],[0,83.797]],"o":[[-83.797,0],[0,83.797],[83.797,0],[0,-83.797]],"v":[[0,-142.029],[-142.029,0],[0,142.029],[142.029,0]],"c":true},"ix":2},"nm":"Path 2","mn":"ADBE Vector Shape - Group","hd":false},{"ty":"mm","mm":1,"nm":"Merge Paths 1","mn":"ADBE Vector Filter - Merge","hd":false},{"ty":"fl","c":{"a":0,"k":[0.292156862745,0.190196078431,0.895098099054,1],"ix":4},"o":{"a":0,"k":100,"ix":5},"r":1,"bm":0,"nm":"Fill 1","mn":"ADBE Vector Graphic - Fill","hd":false},{"ty":"tr","p":{"a":0,"k":[142.279,142.279],"ix":2},"a":{"a":0,"k":[0,0],"ix":1},"s":{"a":0,"k":[100,100],"ix":3},"r":{"a":0,"k":0,"ix":6},"o":{"a":0,"k":100,"ix":7},"sk":{"a":0,"k":0,"ix":4},"sa":{"a":0,"k":0,"ix":5},"nm":"Transform"}],"nm":"Group 1","np":4,"cix":2,"bm":0,"ix":1,"mn":"ADBE Vector Group","hd":false}],"ip":30,"op":1757.76976976977,"st":-12,"bm":0},{"ddd":0,"ind":18,"ty":4,"nm":"Layer 2 Outlines 3","parent":21,"sr":1,"ks":{"o":{"a":0,"k":100,"ix":11},"r":{"a":0,"k":0,"ix":10},"p":{"a":1,"k":[{"i":{"x":0.2,"y":1},"o":{"x":0.2,"y":0},"t":30,"s":[3.029,-141.62,0],"to":[51,0,0],"ti":[-51,0,0]},{"t":80,"s":[309.029,-141.62,0]}],"ix":2},"a":{"a":0,"k":[142.279,142.279,0],"ix":1},"s":{"a":0,"k":[100,100,100],"ix":6}},"ao":0,"shapes":[{"ty":"gr","it":[{"ind":0,"ty":"sh","ix":1,"ks":{"a":0,"k":{"i":[[44.467,0],[0,44.467],[-44.467,0],[0,-44.467]],"o":[[-44.467,0],[0,-44.467],[44.467,0],[0,44.467]],"v":[[0,71.014],[-71.015,0.001],[0,-71.014],[71.015,0.001]],"c":true},"ix":2},"nm":"Path 1","mn":"ADBE Vector Shape - Group","hd":false},{"ind":1,"ty":"sh","ix":2,"ks":{"a":0,"k":{"i":[[83.797,0],[0,-83.797],[-83.797,0],[0,83.797]],"o":[[-83.797,0],[0,83.797],[83.797,0],[0,-83.797]],"v":[[0,-142.029],[-142.029,0],[0,142.029],[142.029,0]],"c":true},"ix":2},"nm":"Path 2","mn":"ADBE Vector Shape - Group","hd":false},{"ty":"mm","mm":1,"nm":"Merge Paths 1","mn":"ADBE Vector Filter - Merge","hd":false},{"ty":"fl","c":{"a":0,"k":[0.292156862745,0.190196078431,0.895098099054,1],"ix":4},"o":{"a":0,"k":100,"ix":5},"r":1,"bm":0,"nm":"Fill 1","mn":"ADBE Vector Graphic - Fill","hd":false},{"ty":"tr","p":{"a":0,"k":[142.279,142.279],"ix":2},"a":{"a":0,"k":[0,0],"ix":1},"s":{"a":0,"k":[100,100],"ix":3},"r":{"a":0,"k":0,"ix":6},"o":{"a":0,"k":100,"ix":7},"sk":{"a":0,"k":0,"ix":4},"sa":{"a":0,"k":0,"ix":5},"nm":"Transform"}],"nm":"Group 1","np":4,"cix":2,"bm":0,"ix":1,"mn":"ADBE Vector Group","hd":false}],"ip":30,"op":1757.76976976977,"st":-12,"bm":0},{"ddd":0,"ind":19,"ty":4,"nm":"Layer 2 Outlines 2","parent":21,"sr":1,"ks":{"o":{"a":0,"k":100,"ix":11},"r":{"a":0,"k":0,"ix":10},"p":{"a":1,"k":[{"i":{"x":0.2,"y":1},"o":{"x":0.2,"y":0},"t":30,"s":[3.029,-141.62,0],"to":[-51.667,0,0],"ti":[51.667,0,0]},{"t":80,"s":[-306.971,-141.62,0]}],"ix":2},"a":{"a":0,"k":[142.279,142.279,0],"ix":1},"s":{"a":0,"k":[100,100,100],"ix":6}},"ao":0,"shapes":[{"ty":"gr","it":[{"ind":0,"ty":"sh","ix":1,"ks":{"a":0,"k":{"i":[[44.467,0],[0,44.467],[-44.467,0],[0,-44.467]],"o":[[-44.467,0],[0,-44.467],[44.467,0],[0,44.467]],"v":[[0,71.014],[-71.015,0.001],[0,-71.014],[71.015,0.001]],"c":true},"ix":2},"nm":"Path 1","mn":"ADBE Vector Shape - Group","hd":false},{"ind":1,"ty":"sh","ix":2,"ks":{"a":0,"k":{"i":[[83.797,0],[0,-83.797],[-83.797,0],[0,83.797]],"o":[[-83.797,0],[0,83.797],[83.797,0],[0,-83.797]],"v":[[0,-142.029],[-142.029,0],[0,142.029],[142.029,0]],"c":true},"ix":2},"nm":"Path 2","mn":"ADBE Vector Shape - Group","hd":false},{"ty":"mm","mm":1,"nm":"Merge Paths 1","mn":"ADBE Vector Filter - Merge","hd":false},{"ty":"fl","c":{"a":0,"k":[0.292156862745,0.190196078431,0.895098099054,1],"ix":4},"o":{"a":0,"k":100,"ix":5},"r":1,"bm":0,"nm":"Fill 1","mn":"ADBE Vector Graphic - Fill","hd":false},{"ty":"tr","p":{"a":0,"k":[142.279,142.279],"ix":2},"a":{"a":0,"k":[0,0],"ix":1},"s":{"a":0,"k":[100,100],"ix":3},"r":{"a":0,"k":0,"ix":6},"o":{"a":0,"k":100,"ix":7},"sk":{"a":0,"k":0,"ix":4},"sa":{"a":0,"k":0,"ix":5},"nm":"Transform"}],"nm":"Group 1","np":4,"cix":2,"bm":0,"ix":1,"mn":"ADBE Vector Group","hd":false}],"ip":30,"op":1757.76976976977,"st":-12,"bm":0},{"ddd":0,"ind":20,"ty":3,"nm":"Null 2","sr":1,"ks":{"o":{"a":0,"k":0,"ix":11},"r":{"a":0,"k":0,"ix":10},"p":{"a":0,"k":[540,540,0],"ix":2},"a":{"a":0,"k":[0,0,0],"ix":1},"s":{"a":0,"k":[49,49,100],"ix":6}},"ao":0,"ip":0,"op":1769,"st":0,"bm":0},{"ddd":0,"ind":21,"ty":3,"nm":"Null 1","parent":20,"sr":1,"ks":{"o":{"a":0,"k":0,"ix":11},"r":{"a":0,"k":0,"ix":10},"p":{"a":0,"k":[-26,139,0],"ix":2},"a":{"a":0,"k":[0,0,0],"ix":1},"s":{"a":1,"k":[{"i":{"x":[0.667,0.667,0.667],"y":[1,1,1]},"o":{"x":[0.333,0.333,0.333],"y":[0,0,0]},"t":0,"s":[100,100,100]},{"i":{"x":[0.667,0.667,0.667],"y":[1,1,1]},"o":{"x":[0.333,0.333,0.333],"y":[0,0,0]},"t":22,"s":[80,120,100]},{"i":{"x":[0.667,0.667,0.667],"y":[1,1,1]},"o":{"x":[0.333,0.333,0.333],"y":[0,0,0]},"t":33,"s":[120,80,100]},{"t":42,"s":[100,100,100]}],"ix":6}},"ao":0,"ip":0,"op":1769,"st":0,"bm":0},{"ddd":0,"ind":22,"ty":4,"nm":"Layer 2 Outlines","parent":21,"sr":1,"ks":{"o":{"a":0,"k":100,"ix":11},"r":{"a":0,"k":0,"ix":10},"p":{"a":1,"k":[{"i":{"x":0.2,"y":1},"o":{"x":0.2,"y":0},"t":0,"s":[3.029,1149.808,0],"to":[0,-225.238,0],"ti":[0,0,0]},{"i":{"x":0.2,"y":1},"o":{"x":0.2,"y":0},"t":22,"s":[3.029,-201.62,0],"to":[0,0,0],"ti":[0,0,0]},{"t":41.939453125,"s":[3.029,-141.62,0]}],"ix":2},"a":{"a":0,"k":[142.279,142.279,0],"ix":1},"s":{"a":0,"k":[100,100,100],"ix":6}},"ao":0,"shapes":[{"ty":"gr","it":[{"ind":0,"ty":"sh","ix":1,"ks":{"a":0,"k":{"i":[[44.467,0],[0,44.467],[-44.467,0],[0,-44.467]],"o":[[-44.467,0],[0,-44.467],[44.467,0],[0,44.467]],"v":[[0,71.014],[-71.015,0.001],[0,-71.014],[71.015,0.001]],"c":true},"ix":2},"nm":"Path 1","mn":"ADBE Vector Shape - Group","hd":false},{"ind":1,"ty":"sh","ix":2,"ks":{"a":0,"k":{"i":[[83.797,0],[0,-83.797],[-83.797,0],[0,83.797]],"o":[[-83.797,0],[0,83.797],[83.797,0],[0,-83.797]],"v":[[0,-142.029],[-142.029,0],[0,142.029],[142.029,0]],"c":true},"ix":2},"nm":"Path 2","mn":"ADBE Vector Shape - Group","hd":false},{"ty":"mm","mm":1,"nm":"Merge Paths 1","mn":"ADBE Vector Filter - Merge","hd":false},{"ty":"fl","c":{"a":0,"k":[0.292156862745,0.190196078431,0.895098099054,1],"ix":4},"o":{"a":0,"k":100,"ix":5},"r":1,"bm":0,"nm":"Fill 1","mn":"ADBE Vector Graphic - Fill","hd":false},{"ty":"tr","p":{"a":0,"k":[142.279,142.279],"ix":2},"a":{"a":0,"k":[0,0],"ix":1},"s":{"a":0,"k":[100,100],"ix":3},"r":{"a":0,"k":0,"ix":6},"o":{"a":0,"k":100,"ix":7},"sk":{"a":0,"k":0,"ix":4},"sa":{"a":0,"k":0,"ix":5},"nm":"Transform"}],"nm":"Group 1","np":4,"cix":2,"bm":0,"ix":1,"mn":"ADBE Vector Group","hd":false}],"ip":0,"op":1769.76976976977,"st":0,"bm":0}]}],"layers":[{"ddd":0,"ind":1,"ty":0,"nm":"Pre-comp 1","refId":"comp_0","sr":1,"ks":{"o":{"a":0,"k":100,"ix":11},"r":{"a":0,"k":0,"ix":10},"p":{"a":0,"k":[540,540,0],"ix":2},"a":{"a":0,"k":[540,540,0],"ix":1},"s":{"a":0,"k":[100,100,100],"ix":6}},"ao":0,"w":1080,"h":1080,"ip":0,"op":153,"st":0,"bm":0}],"markers":[]}